id	name	website	status	owner	product	industry
394	Semicon Sp. z o.o.	https://www.semicon.com.pl	NEW		Pulsed Laser Diodes at 905 nm	Laser Module Manufacturing
216	LiDAR3D Sp. z o.o.	http://www.lidar3d.pl	NEW		LiDAR	Survey & Mapping
215	Instytut Optoelektroniki WAT	https://ioe.wat.edu.pl	NEW		Pulsed Laser Diodes at 1550 nm	Defense R&D
214	Wojskowy Instytut Techniczny Uzbrojenia (WITU)	https://www.witu.mil.pl	NEW		Pulsed Laser Diodes at 905 nm	Defense R&D
211	Lukasiewicz-PIAP (Industrial Research Institute for Automation and Measurements)	https://piap.lukasiewicz.gov.pl	NEW		LiDAR	Defense Robotics
210	CTL Laserinstruments Sp. z o.o.	http://www.ctl.com.pl	NEW		Pulsed Laser Diodes at 905 nm	Medical & Industrial Lasers
207	OEM Tech Sp. z o.o.	https://www.oem-tech.pl	NEW		Pulsed Laser Diodes at 905 nm	Laser Electronics
206	Huta Stalowa Wola S.A. (HSW)	https://www.hsw.pl	NEW		Pulsed Laser Diodes at 1550 nm	Defense Vehicles & Turrets
205	Zakłady Mechaniczne Tarnów S.A. (ZMT)	https://zmt.tarnow.pl	NEW		Pulsed Laser Diodes at 905 nm	Defense Weapons Systems
204	Autocomp Management Sp. z o.o.	https://ac-m.pl	NEW		Pulsed Laser Diodes at 905 nm	Defense Simulators
203	WB Electronics S.A. (WB Group)	https://www.wbgroup.pl	NEW		Pulsed Laser Diodes at 1550 nm	Defense Electronics
202	Etronika Sp. z o.o.	https://www.etronika.pl	NEW		Pulsed Laser Diodes at 1550 nm	Defense Optoelectronics
201	Mesko S.A.	https://www.mesko.com.pl	NEW		Pulsed Laser Diodes at 905 nm	Defense Ammunition & Missiles
75	PCO S.A.	https://pcosa.com.pl/	NEW		LiDAR	Defense Electro-Optics
